Party,Constituency,Parliament Constituency,Winning Candidate,Total Votes,Margin
Andhra Pradesh,Telugu Desam,Srikakulam(2),KINJARAPU RAMMOHAN NAIDU,754328,327901
Andhra Pradesh,Telugu Desam,Vizianagaram(3),APPALANAIDU KALISETTI,743113,249351
Andhra Pradesh,Telugu Desam,Visakhapatnam(4),SRIBHARAT MATHUKUMILI,907467,504247
Andhra Pradesh,Telugu Desam,Amalapuram (SC)(7),G M HARISH (BALAYOGI),796981,342196
Andhra Pradesh,Telugu Desam,Eluru(10),PUTTA MAHESH KUMAR,746351,181857
Andhra Pradesh,Telugu Desam,Vijayawada(12),KESINENI SIVANATH (CHINNI),794154,282085
Andhra Pradesh,Telugu Desam,Guntur(13),DR CHANDRA SEKHAR PEMMASANI,864948,344695
Andhra Pradesh,Telugu Desam,Narsaraopet(14),LAVU SRIKRISHNA DEVARAYALU,807996,159729
Andhra Pradesh,Telugu Desam,Bapatla (SC)(15),KRISHNA PRASAD TENNETI,717493,208031
Andhra Pradesh,Telugu Desam,Ongole(16),MAGUNTA SREENIVASULU REDDY,701894,50199
Andhra Pradesh,Telugu Desam,Nandyal(17),DR BYREDDY SHABARI,701131,111975
Andhra Pradesh,Telugu Desam,Kurnoolu(18),BASTIPATI NAGARAJU PANCHALINGALA,658914,111298
Andhra Pradesh,Telugu Desam,Ananthapur(19),AMBICA G LAKSHMINARAYANA VALMIKI,768245,188555
Andhra Pradesh,Telugu Desam,Hindupur(20),B K PARTHASARATHI,725534,132427
Andhra Pradesh,Telugu Desam,Nellore(22),PRABHAKAR REDDY VEMIREDDY,766202,245902
Andhra Pradesh,Telugu Desam,Chittoor(SC)(25),DAGGUMALLA PRASADA RAO,778071,220479
Andhra Pradesh,Yuvajana Sramika Rythu Congress Party,Araku (ST)(1),GUMMA THANUJA RANI,477005,50580
Andhra Pradesh,Yuvajana Sramika Rythu Congress Party,Kadapa(21),Y. S. AVINASH REDDY,605143,62695
Andhra Pradesh,Yuvajana Sramika Rythu Congress Party,Thirupathi(SC)(23),GURUMOORTHY MADDILA,632228,14569
Andhra Pradesh,Yuvajana Sramika Rythu Congress Party,Rajampet(24),P V MIDHUN REDDY,644844,76071
Andhra Pradesh,Bharatiya Janata Party,Anakapalle(5),C.M.RAMESH,762069,296530
Andhra Pradesh,Bharatiya Janata Party,Rajahmundry(8),DAGGUBATI PURANDHESHWARI,726515,239139
Andhra Pradesh,Bharatiya Janata Party,Narsapuram(9),BHUPATHI RAJU SRINIVASA VARMA (B.J.P.VARMA),707343,276802
Andhra Pradesh,Janasena Party,Kakinada(6),TANGELLA UDAY SRINIVAS (TEA TIME UDAY),729699,229491
Andhra Pradesh,Janasena Party,Machilipatnam(11),BALASHOWRY VALLABHANENI,724439,223179
Andaman and Nicobar Islands,Bharatiya Janata Party,Andaman & Nicobar Islands(1),BISHNU PADA RAY,102436,24396
Arunachal Pradesh,Bharatiya Janata Party,Arunachal West(1),KIREN RIJIJU,205417,100738
Arunachal Pradesh,Bharatiya Janata Party,Arunachal East(2),TAPIR GAO,145581,30421
Assam,Bharatiya Janata Party,Darrang-Udalguri(4),DILIP SAIKIA,868387,329012
Assam,Bharatiya Janata Party,Guwahati(5),BIJULI KALITA MEDHI,894887,251090
Assam,Bharatiya Janata Party,Diphu(6),AMARSING TISSO,334620,147603
Assam,Bharatiya Janata Party,Karimganj(7),KRIPANATH MALLAH,545093,18360
Assam,Bharatiya Janata Party,Silchar (8),PARIMAL SUKLABAIDYA,652405,264311
Assam,Bharatiya Janata Party,Kaziranga(10),KAMAKHYA PRASAD TASA,897043,248947
Assam,Bharatiya Janata Party,Sonitpur(11),RANJIT DUTTA,775788,361408
Assam,Bharatiya Janata Party,Lakhimpur(12),PRADAN BARUAH,663122,201257
Assam,Bharatiya Janata Party,Dibrugarh(13),SARBANANDA SONOWAL,693762,279321
Assam,Indian National Congress,Dhubri (2),RAKIBUL HUSSAIN,1471885,1012476
Assam,Indian National Congress,Nagaon(9),PRADYUT BORDOLOI,788850,212231
Assam,Indian National Congress,Jorhat(14),GAURAV GOGOI,751771,144393
Assam,"United People’s Party, Liberal",Kokrajhar (1),JOYANTA BASUMATARY,488995,51583
Assam,Asom Gana Parishad,Barpeta(3),PHANI BHUSAN CHOUDHURY,860113,222351
Bihar,Janata Dal (United),Valmiki Nagar (1),SUNIL KUMAR,523422,98675
Bihar,Janata Dal (United),Sheohar(4),LOVELY ANAND,476612,29143
Bihar,Janata Dal (United),Sitamarhi(5),DEVESH CHANDRA THAKUR,515719,51356
Bihar,Janata Dal (United),Jhanjharpur(7),RAMPRIT MANDAL,533032,184169
Bihar,Janata Dal (United),Supaul(8),DILESHWAR KAMAIT,595038,169803
Bihar,Janata Dal (United),Madhepura(13),DINESH CHANDRA YADAV,640649,174534
Bihar,Janata Dal (United),Gopalganj(17),DR. ALOK KUMAR SUMAN,511866,127180
Bihar,Janata Dal (United),Siwan(18),VIJAYLAKSHMI DEVI,386508,92857
Bihar,Janata Dal (United),Bhagalpur(26),AJAY KUMAR MANDAL,536031,104868
Bihar,Janata Dal (United),Banka(27),GIRIDHARI YADAV,506678,103844
Bihar,Janata Dal (United),Munger(28),RAJIV RANJAN SINGH ALIAS LALAN SINGH,550146,80870
Bihar,Janata Dal (United),Nalanda(29),KAUSHALENDRA KUMAR,559422,169114
Bihar,Bharatiya Janata Party,Paschim Champaran(2),DR.SANJAY JAISWAL,580421,136568
Bihar,Bharatiya Janata Party,Purvi Champaran(3),RADHA MOHAN SINGH,542193,88287
Bihar,Bharatiya Janata Party,Madhubani(6),ASHOK KUMAR YADAV,553428,151945
Bihar,Bharatiya Janata Party,Araria(9),PRADEEP KUMAR SINGH,600146,20094
Bihar,Bharatiya Janata Party,Darbhanga(14),GOPAL JEE THAKUR,566630,178156
Bihar,Bharatiya Janata Party,Muzaffarpur(15),RAJ BHUSHAN CHOUDHARY,619749,234927
Bihar,Bharatiya Janata Party,Maharajganj(19),"JANARDAN SINGH ""SIGRIWAL""",529533,102651
Bihar,Bharatiya Janata Party,Saran(20),RAJIV PRATAP RUDY,471752,13661
Bihar,Bharatiya Janata Party,Ujiarpur(22),NITYANAND RAI,515965,60102
Bihar,Bharatiya Janata Party,Begusarai(24),GIRIRAJ SINGH,649331,81480
Bihar,Bharatiya Janata Party,Patna Sahib(30),RAVI SHANKAR PRASAD,588270,153846
Bihar,Bharatiya Janata Party,Nawada(39),VIVEK THAKUR,410608,67670
Bihar,Lok Janshakti Party(Ram Vilas),Vaishali(16),VEENA DEVI,567043,89634
Bihar,Lok Janshakti Party(Ram Vilas),Hajipur(21),CHIRAG PASWAN,615718,170105
Bihar,Lok Janshakti Party(Ram Vilas),Samastipur(23),SHAMBHAVI,579786,187251
Bihar,Lok Janshakti Party(Ram Vilas),Khagaria(25),RAJESH VERMA,538657,161131
Bihar,Lok Janshakti Party(Ram Vilas),Jamui(40),ARUN BHARTI,509046,112482
Bihar,Rashtriya Janata Dal,Patliputra(31),MISHA BHARTI,613283,85174
Bihar,Rashtriya Janata Dal,Buxar(33),SUDHAKAR SINGH,438345,30091
Bihar,Rashtriya Janata Dal,Jahanabad(36),SURENDRA PRASAD YADAV,443035,142591
Bihar,Rashtriya Janata Dal,Aurangabad(37),ABHAY KUMAR SINHA,465567,79111
Bihar,Indian National Congress,Kishanganj(10),MOHAMMAD JAWED,402850,59692
Bihar,Indian National Congress,Katihar(11),TARIQ ANWAR,567092,49863
Bihar,Indian National Congress,Sasaram(34),MANOJ KUMAR,513004,19157
Bihar,Communist Party of India (Marxist-Leninist) (Liberation),Arrah(32),SUDAMA PRASAD,529382,59808
Bihar,Communist Party of India (Marxist-Leninist) (Liberation),Karakat(35),RAJA RAM SINGH,380581,105858
Bihar,Hindustani Awam Morcha (Secular),Gaya(38),JITAN RAM MANJHI,494960,101812
Bihar,Independent,Purnia(12),RAJESH RANJAN ALIAS PAPPU YADAV,567556,23847
Chandigarh,Indian National Congress,Chandigarh(1),MANISH TEWARI,216657,2504
Chhattisgarh,Bharatiya Janata Party,SURGUJA(1),CHINTAMANI MAHARAJ,713200,64822
Chhattisgarh,Bharatiya Janata Party,RAIGARH(2),RADHESHYAM RATHIYA,808275,240391
Chhattisgarh,Bharatiya Janata Party,JANJGIR-CHAMPA(3),KAMLESH JANGDE,678199,60000
Chhattisgarh,Bharatiya Janata Party,BILASPUR(5),TOKHAN SAHU,724937,164558
Chhattisgarh,Bharatiya Janata Party,RAJNANDGAON(6),SANTOSH PANDEY,712057,44411
Chhattisgarh,Bharatiya Janata Party,DURG(7),VIJAY BAGHEL,956497,438226
Chhattisgarh,Bharatiya Janata Party,RAIPUR(8),BRIJMOHAN AGRAWAL,1050351,575285
Chhattisgarh,Bharatiya Janata Party,MAHASAMUND(9),ROOP KUMARI CHOUDHARY,703659,145456
Chhattisgarh,Bharatiya Janata Party,BASTAR(10),MAHESH KASHYAP,458398,55245
Chhattisgarh,Bharatiya Janata Party,KANKER(11),BHOJRAJ NAG,597624,1884
Chhattisgarh,Indian National Congress,KORBA(4),JYOTSNA CHARANDAS MAHANT,570182,43283
Dadra & Nagar Haveli and Daman & Diu,Bharatiya Janata Party,Dadar & Nagar Haveli(2),DELKAR KALABEN MOHANBHAI,121074,57584
Dadra & Nagar Haveli and Daman & Diu,Independent,Daman & Diu (1),PATEL UMESHBHAI BABUBHAI,42523,6225
Goa,Bharatiya Janata Party,North Goa(1),SHRIPAD YESSO NAIK,257326,116015
Goa,Indian National Congress,South Goa(2),CAPTAIN  VIRIATO FERNANDES,217836,13535
Gujarat,Bharatiya Janata Party,Kachchh(1),CHAVDA VINOD LAKHAMSHI,659574,268782
Gujarat,Bharatiya Janata Party,Patan(3),DABHI  BHARATSINHJI  SHANKARJI,591947,31876
Gujarat,Bharatiya Janata Party,Mahesana(4),HARIBHAI PATEL,686406,328046
Gujarat,Bharatiya Janata Party,Sabarkantha(5),SHOBHANABEN MAHENDRASINH BARAIYA,677318,155682
Gujarat,Bharatiya Janata Party,Gandhinagar(6),AMIT SHAH,1010972,744716
Gujarat,Bharatiya Janata Party,Ahmedabad East(7),HASMUKHBHAI PATEL (H.S.PATEL),770459,461755
Gujarat,Bharatiya Janata Party,Ahmedabad West(8),DINESHBHAI MAKWANA (ADVOCATE),611704,286437
Gujarat,Bharatiya Janata Party,Surendranagar(9),CHANDUBHAI CHHAGANBHAI SHIHORA,669749,261617
Gujarat,Bharatiya Janata Party,Rajkot(10),PARSHOTTAMBHAI RUPALA,857984,484260
Gujarat,Bharatiya Janata Party,Porbandar(11),DR. MANSUKH MANDAVIYA,633118,383360
Gujarat,Bharatiya Janata Party,Jamnagar(12),POONAMBEN HEMATBHAI MAADAM,620049,238008
Gujarat,Bharatiya Janata Party,Junagadh(13),CHUDASAMA RAJESHBHAI NARANBHAI,584049,135494
Gujarat,Bharatiya Janata Party,Amreli(14),BHARATBHAI MANUBHAI SUTARIYA,580872,321068
Gujarat,Bharatiya Janata Party,Bhavnagar(15),NIMUBEN JAYANTIBHAI BAMBHANIYA (NIMUBEN BAMBHANIYA),716883,455289
Gujarat,Bharatiya Janata Party,Anand(16),MITESH PATEL (BAKABHAI),612484,89939
Gujarat,Bharatiya Janata Party,Kheda(17),DEVUSINH CHAUHAN,744435,357758
Gujarat,Bharatiya Janata Party,Panchmahal(18),RAJPALSINH MAHENDRASINH JADAV,794579,509342
Gujarat,Bharatiya Janata Party,Dahod(19),JASWANTSINH SUMANBHAI BHABHOR,688715,333677
Gujarat,Bharatiya Janata Party,Vadodara(20),DR. HEMANG JOSHI,873189,582126
Gujarat,Bharatiya Janata Party,Chhota Udaipur(21),JASHUBHAI BHILUBHAI RATHVA,796589,398777
Gujarat,Bharatiya Janata Party,Bharuch(22),MANSUKHBHAI DHANJIBHAI VASAVA,608157,85696
Gujarat,Bharatiya Janata Party,Bardoli(23),PARBHUBHAI NAGARBHAI VASAVA,763950,230253
Gujarat,Bharatiya Janata Party,Surat(24),MUKESHKUMAR CHANDRAKAANT DALAL (Uncontested),-,-
Gujarat,Bharatiya Janata Party,Navsari(25),C R PATIL,1031065,773551
Gujarat,Bharatiya Janata Party,Valsad(26),DHAVAL LAXMANBHAI PATEL,764226,210704
Gujarat,Indian National Congress,Banaskantha(2),GENIBEN NAGAJI THAKOR,671883,30406
Haryana,Indian National Congress,AMBALA(1),VARUN CHAUDHRY,663657,49036
Haryana,Indian National Congress,SIRSA(3),SELJA,733823,268497
Haryana,Indian National Congress,HISAR(4),JAI PARKASH (J P) S/O HARIKESH,570424,63381
Haryana,Indian National Congress,SONIPAT(6),SATPAL BRAHAMCHARI,548682,21816
Haryana,Indian National Congress,ROHTAK(7),DEEPENDER SINGH HOODA,783578,345298
Haryana,Bharatiya Janata Party,KURUKSHETRA(2),NAVEEN JINDAL,542175,29021
Haryana,Bharatiya Janata Party,KARNAL(5),MANOHAR LAL,739285,232577
Haryana,Bharatiya Janata Party,BHIWANI-MAHENDRAGARH(8),DHARAMBIR SINGH,588664,41510
Haryana,Bharatiya Janata Party,GURGAON(9),RAO INDERJIT SINGH,808336,75079
Haryana,Bharatiya Janata Party,FARIDABAD(10),KRISHAN PAL,788569,172914
Himachal Pradesh,Bharatiya Janata Party,KANGRA(1),DR RAJEEV BHARDWAJ,632793,251895
Himachal Pradesh,Bharatiya Janata Party,MANDI(2),KANGNA RANAUT,537022,74755
Himachal Pradesh,Bharatiya Janata Party,HAMIRPUR(3),ANURAG SINGH THAKUR,607068,182357
Himachal Pradesh,Bharatiya Janata Party,SHIMLA(4),Suresh Kumar Kashyap,519748,91451
Jammu and Kashmir,Jammu & Kashmir National Conference,SRINAGAR(2),AGA SYED RUHULLAH MEHDI,356866,188416
Jammu and Kashmir,Jammu & Kashmir National Conference,ANANTNAG-RAJOURI(3),MIAN ALTAF AHMAD,521836,281794
Jammu and Kashmir,Bharatiya Janata Party,UDHAMPUR(4),DR JITENDRA SINGH,571076,124373
Jammu and Kashmir,Bharatiya Janata Party,JAMMU(5),JUGAL KISHORE,687588,135498
Jammu and Kashmir,Independent,BARAMULLA(1),ABDUL RASHID SHEIKH,472481,204142
Jharkhand,Bharatiya Janata Party,Godda(3),NISHIKANT DUBEY,693140,101813
Jharkhand,Bharatiya Janata Party,Chatra(4),KALI CHARAN SINGH,574556,220959
Jharkhand,Bharatiya Janata Party,Kodarma(5),ANNPURNA DEVI,791657,377014
Jharkhand,Bharatiya Janata Party,Dhanbad(7),DULU MAHATO,789172,331583
Jharkhand,Bharatiya Janata Party,Ranchi(8),SANJAY SETH,664732,120512
Jharkhand,Bharatiya Janata Party,Jamshedpur(9),BIDYUT BARAN MAHATO,726174,259782
Jharkhand,Bharatiya Janata Party,Palamau(13),VISHNU DAYAL RAM,770362,288807
Jharkhand,Bharatiya Janata Party,Hazaribagh(14),MANISH JAISWAL,654613,276686
Jharkhand,Jharkhand Mukti Morcha,Rajmahal(1),VIJAY KUMAR HANSDAK,613371,178264
Jharkhand,Jharkhand Mukti Morcha,Dumka(2),NALIN SOREN,547370,22527
Jharkhand,Jharkhand Mukti Morcha,Singhbhum(10),JOBA MAJHI,520164,168402
Jharkhand,Indian National Congress,Khunti(11),KALI CHARAN MUNDA,511647,149675
Jharkhand,Indian National Congress,Lohardaga(12),SUKHDEO BHAGAT,483038,139138
Jharkhand,AJSU Party,Giridih(6),CHANDRA PRAKASH CHOUDHARY,451139,80880
Karnataka,Bharatiya Janata Party,Belgaum(2),JAGADISH SHETTAR,762029,178437
Karnataka,Bharatiya Janata Party,Bagalkot(3),GADDIGOUDAR. PARVATAGOUDA. CHANDANAGOUDA.,671039,68399
Karnataka,Bharatiya Janata Party,Bijapur(4),RAMESH JIGAJINAGI,672781,77229
Karnataka,Bharatiya Janata Party,Haveri(10),BASAVARAJ BOMMAI,705538,43513
Karnataka,Bharatiya Janata Party,Dharwad(11),PRALHAD JOSHI,716231,97324
Karnataka,Bharatiya Janata Party,Uttara Kannada(12),VISHWESHWAR HEGDE KAGERI,782495,337428
Karnataka,Bharatiya Janata Party,Shimoga(14),B.Y.RAGHAVENDRA,778721,243715
Karnataka,Bharatiya Janata Party,Udupi Chikmagalur(15),KOTA SRINIVAS POOJARY,732234,259175
Karnataka,Bharatiya Janata Party,Dakshina Kannada(17),CAPTAIN BRIJESH CHOWTA,764132,149208
Karnataka,Bharatiya Janata Party,Chitradurga(18),GOVIND MAKTHAPPA KARJOL,684890,48121
Karnataka,Bharatiya Janata Party,Tumkur(19),V. SOMANNA,720946,175594
Karnataka,Bharatiya Janata Party,Mysore(21),YADUVEER KRISHNADATTA CHAMARAJA WADIYAR,795503,139262
Karnataka,Bharatiya Janata Party,Bangalore Rural(23),DR C N MANJUNATH,1079002,269647
Karnataka,Bharatiya Janata Party,Bangalore North(24),SHOBHA KARANDLAJE,986049,259476
Karnataka,Bharatiya Janata Party,Bangalore central(25),P C MOHAN,658915,32707
Karnataka,Bharatiya Janata Party,Bangalore South(26),TEJASVI SURYA,750830,277083
Karnataka,Bharatiya Janata Party,Chikkballapur(27),DR.K.SUDHAKAR,822619,163460
Karnataka,Indian National Congress,Chikkodi(1),PRIYANKA SATISH JARKIHOLI,713461,90834
Karnataka,Indian National Congress,Gulbarga(5),RADHAKRISHNA,652321,27205
Karnataka,Indian National Congress,Raichur(6),G. KUMAR NAIK.,670966,79781
Karnataka,Indian National Congress,Bidar(7),SAGAR ESHWAR KHANDRE,666317,128875
Karnataka,Indian National Congress,Koppal(8),K. RAJASHEKAR BASAVARAJ HITNAL,663511,46357
Karnataka,Indian National Congress,Bellary(9),E. TUKARAM,730845,98992
Karnataka,Indian National Congress,Davanagere(13),DR. PRABHA MALLIKARJUN,633059,26094
Karnataka,Indian National Congress,Hassan(16),SHREYAS. M. PATEL,672988,42649
Karnataka,Indian National Congress,Chamarajanagar(22),SUNIL BOSE,751671,188706
Karnataka,Janata Dal (Secular),Mandya(20),H.D. KUMARASWAMY,851881,284620
Karnataka,Janata Dal (Secular),Kolar(28),M. MALLESH BABU,691481,71388
Kerala,Indian National Congress,Kasaragod(1),RAJMOHAN UNNITHAN,490659,100649
Kerala,Indian National Congress,Kannur(2),K. SUDHAKARAN,518524,108982
Kerala,Indian National Congress,Vadakara(3),SHAFI PARAMBIL,557528,114506
Kerala,Indian National Congress,Wayanad(4),RAHUL GANDHI,647445,364422
Kerala,Indian National Congress,Kozhikode(5),M. K. RAGHAVAN,520421,146176
Kerala,Indian National Congress,Palakkad(8),V K SREEKANDAN,421169,75283
Kerala,Indian National Congress,Chalakudy(11),BENNY BEHANAN,394171,63754
Kerala,Indian National Congress,Ernakulam(12),HIBI EDEN,482317,250385
Kerala,Indian National Congress,Idukki(13),ADV. DEAN KURIAKOSE,432372,133727
Kerala,Indian National Congress,Alappuzha(15),K. C VENUGOPAL,404560,63513
Kerala,Indian National Congress,Mavelikkara (16),KODIKUNNIL SURESH,369516,10868
Kerala,Indian National Congress,Pathanamthitta(17),ANTO ANTONY,367623,66119
Kerala,Indian National Congress,Attingal(19),ADV ADOOR PRAKASH,328051,684
Kerala,Indian National Congress,Thiruvananthapuram(20),SHASHI THAROOR,358155,16077
Kerala,Indian Union Muslim League,Malappuram(6),E.T.  MOHAMMED BASHEER,644006,300118
Kerala,Indian Union Muslim League,Ponnani(7),DR. M.P ABDUSSAMAD SAMADANI,562516,235760
Kerala,Communist Party of India (Marxist),Alathur (9),K.RADHAKRISHNAN,403447,20111
Kerala,Bharatiya Janata Party,Thrissur(10),SURESH GOPI,412338,74686
Kerala,Kerala Congress,Kottayam(14),ADV K FRANCIS GEORGE,364631,87266
Kerala,Revolutionary Socialist Party,Kollam(18),N K PREMACHANDRAN,443628,150302
Ladakh,Independent ,Ladakh(1),MOHMAD HANEEFA,65259,27862
Lakshadweep,Indian National Congress,Lakshadweep(1),MUHAMMED HAMDULLAH SAYEED,25726,2647
Madhya Pradesh,Bharatiya Janata Party,MORENA(1),SHIVMANGAL SINGH TOMAR,515477,52530
Madhya Pradesh,Bharatiya Janata Party,BHIND(2),SANDHYA RAY,537065,64840
Madhya Pradesh,Bharatiya Janata Party,GWALIOR(3),BHARAT SINGH KUSHWAH,671535,70210
Madhya Pradesh,Bharatiya Janata Party,GUNA(4),JYOTIRADITYA M. SCINDIA,923302,540929
Madhya Pradesh,Bharatiya Janata Party,SAGAR(5),DR. LATA WANKHEDE,787979,471222
Madhya Pradesh,Bharatiya Janata Party,TIKAMGARH(6),DR. VIRENDRA KUMAR,715050,403312
Madhya Pradesh,Bharatiya Janata Party,DAMOH(7),RAHUL SINGH LODHI,709768,406426
Madhya Pradesh,Bharatiya Janata Party,KHAJURAHO(8),VISHNU DATT SHARMA (V.D.SHARMA),772774,541229
Madhya Pradesh,Bharatiya Janata Party,SATNA(9),GANESH SINGH,459728,84949
Madhya Pradesh,Bharatiya Janata Party,REWA(10),JANARDAN MISHRA,477459,193374
Madhya Pradesh,Bharatiya Janata Party,SIDHI(11),DR. RAJESH MISHRA,583559,206416
Madhya Pradesh,Bharatiya Janata Party,SHAHDOL(12),SMT. HIMADRI SINGH,711143,397340
Madhya Pradesh,Bharatiya Janata Party,JABALPUR(13),ASHISH DUBEY,790133,486674
Madhya Pradesh,Bharatiya Janata Party,MANDLA(14),FAGGAN SINGH KULASTE,751375,103846
Madhya Pradesh,Bharatiya Janata Party,BALAGHAT(15),BHARTI PARDHI,712660,174512
Madhya Pradesh,Bharatiya Janata Party,CHHINDWARA(16),BUNTY VIVEK SAHU,644738,113618
Madhya Pradesh,Bharatiya Janata Party,HOSHANGABAD(17),DARSHAN SINGH CHOUDHARY,812147,431696
Madhya Pradesh,Bharatiya Janata Party,VIDISHA(18),SHIVRAJ SINGH CHOUHAN,1116460,821408
Madhya Pradesh,Bharatiya Janata Party,BHOPAL(19),ALOK SHARMA,981109,501499
Madhya Pradesh,Bharatiya Janata Party,RAJGARH(20),RODMAL NAGAR,758743,146089
Madhya Pradesh,Bharatiya Janata Party,DEWAS(21),MAHENDRA SINGH SOLANKY,928941,425225
Madhya Pradesh,Bharatiya Janata Party,UJJAIN(22),ANIL FIROJIYA,836104,375860
Madhya Pradesh,Bharatiya Janata Party,MANDSOUR(23),SUDHEER GUPTA,945761,500655
Madhya Pradesh,Bharatiya Janata Party,RATLAM(24),ANITA NAGARSINGH CHOUHAN,795863,207232
Madhya Pradesh,Bharatiya Janata Party,DHAR(25),SAVITRI THAKUR,794449,218665
Madhya Pradesh,Bharatiya Janata Party,INDORE(26),SHANKAR LALWANI,1226751,1175092
Madhya Pradesh,Bharatiya Janata Party,KHARGONE(27),GAJENDRA SINGH PATEL,819863,135018
Madhya Pradesh,Bharatiya Janata Party,KHANDWA(28),GYANESHWAR PATIL,862679,269971
Madhya Pradesh,Bharatiya Janata Party,BETUL(29),DURGADAS (D. D.) UIKEY,848236,379761
Maharashtra,Indian National Congress,Nandurbar(1),ADV GOWAAL KAGADA PADAVI,745998,159120
Maharashtra,Indian National Congress,Dhule(2),BACHHAV SHOBHA DINESH,583866,3831
Maharashtra,Indian National Congress,Amravati (7),BALWANT BASWANT WANKHADE,526271,19731
Maharashtra,Indian National Congress,Ramtek (9),Shyamkumar (Babalu) Daulat Barve,613025,76768
Maharashtra,Indian National Congress,Bhandara Gondiya(11),DR. PRASHANT YADAORAO PADOLE,587413,37380
Maharashtra,Indian National Congress,Gadchiroli - Chimur(12),DR. KIRSAN NAMDEO,617792,141696
Maharashtra,Indian National Congress,Chandrapur(13),DHANORKAR PRATIBHA SURESH ALIAS BALUBHAU,718410,260406
Maharashtra,Indian National Congress,Nanded(16),CHAVAN VASANTRAO BALWANTRAO,528894,59442
Maharashtra,Indian National Congress,Jalna(18),KALYAN VAIJINATHRAO KALE,607897,109958
Maharashtra,Indian National Congress,Mumbai North Central(29),GAIKWAD VARSHA EKNATH,445545,16514
Maharashtra,Indian National Congress,Latur (41),DR. KALGE SHIVAJI BANDAPPA,609021,61881
Maharashtra,Indian National Congress,Solapur(42),PRANITI SUSHILKUMAR SHINDE,620225,74197
Maharashtra,Indian National Congress,Kolhapur(47),CHHATRAPATI SHAHU SHAHAJI,754522,154964
Maharashtra,Bharatiya Janata Party,Jalgaon(3),SMITA UDAY WAGH,674428,251594
Maharashtra,Bharatiya Janata Party,Raver(4),KHADSE RAKSHA NIKHIL,630879,272183
Maharashtra,Bharatiya Janata Party,Akola(6),ANUP SANJAY DHOTRE,457030,40626
Maharashtra,Bharatiya Janata Party,Nagpur(10),NITIN JAIRAM GADKARI,655027,137603
Maharashtra,Bharatiya Janata Party,Palghar(22),DR. HEMANT VISHNU SAVARA,601244,183306
Maharashtra,Bharatiya Janata Party,Mumbai North(26),PIYUSH GOYAL,680146,357608
Maharashtra,Bharatiya Janata Party,Pune(34),MURLIDHAR MOHOL,584728,123038
Maharashtra,Bharatiya Janata Party,Satara(45),SHRIMANT CHH UDAYANRAJE PRATAPSINHAMAHARAJ BHONSLE,571134,32771
Maharashtra,Bharatiya Janata Party,Ratnagiri- Sindhudurg(46),NARAYAN TATU RANE,448514,47858
Maharashtra,Shiv Sena (Uddhav Balasaheb Thackrey),Yavatmal- Washim(14),SANJAY UTTAMRAO DESHMUKH,594807,94473
Maharashtra,Shiv Sena (Uddhav Balasaheb Thackrey),Hingoli(15),AASHTIKAR PATIL NAGESH BAPURAO,492535,108602
Maharashtra,Shiv Sena (Uddhav Balasaheb Thackrey),Parbhani(17),JADHAV SANJAY ( BANDU ) HARIBHAU,601343,134061
Maharashtra,Shiv Sena (Uddhav Balasaheb Thackrey),Nashik(21),RAJABHAU (PARAG) PRAKASH WAJE,616729,162001
Maharashtra,Shiv Sena (Uddhav Balasaheb Thackrey),Mumbai North East(28),SANJAY DINA PATIL,450937,29861
Maharashtra,Shiv Sena (Uddhav Balasaheb Thackrey),Mumbai South Central(30),ANIL YESHWANT DESAI,395138,53384
Maharashtra,Shiv Sena (Uddhav Balasaheb Thackrey),Mumbai South(31),ARVIND GANPAT SAWANT,395655,52673
Maharashtra,Shiv Sena (Uddhav Balasaheb Thackrey),Shirdi (38),BHAUSAHEB RAJARAM WAKCHAURE,476900,50529
Maharashtra,Shiv Sena (Uddhav Balasaheb Thackrey),Osmanabad(40),OMPRAKASH BHUPALSINH ALIAS PAVAN RAJENIMBALKAR,748752,329846
Maharashtra,Nationalist Congress Party – Sharadchandra Pawar,Wardha(8),AMAR SHARADRAO KALE,533106,81648
Maharashtra,Nationalist Congress Party – Sharadchandra Pawar,Dindori (20),BHASKAR MURLIDHAR BHAGARE,577339,113199
Maharashtra,Nationalist Congress Party – Sharadchandra Pawar,Bhiwandi(23),BALYA MAMA - SURESH GOPINATH MHATRE,499464,66121
Maharashtra,Nationalist Congress Party – Sharadchandra Pawar,Baramati(35),SUPRIYA SULE,732312,158333
Maharashtra,Nationalist Congress Party – Sharadchandra Pawar,Shirur(36),DR. AMOL RAMSING KOLHE,698692,140951
Maharashtra,Nationalist Congress Party – Sharadchandra Pawar,Ahmednagar(37),NILESH DNYANDEV LANKE,624797,28929
Maharashtra,Nationalist Congress Party – Sharadchandra Pawar,Beed(39),BAJRANG MANOHAR SONWANE,683950,6553
Maharashtra,Nationalist Congress Party – Sharadchandra Pawar,Madha(43),MOHITE-PATIL DHAIRYASHEEL RAJSINH,622213,120837
Maharashtra,Shiv Sena,Buldhana(5),JADHAV PRATAPRAO GANPATRAO,349867,29479
Maharashtra,Shiv Sena,Aurangabad(19),BHUMARE SANDIPANRAO ASARAM,476130,134650
Maharashtra,Shiv Sena,Kalyan(24),DR SHRIKANT EKNATH SHINDE,589636,209144
Maharashtra,Shiv Sena,Thane(25),NARESH GANPAT MHASKE,734231,217011
Maharashtra,Shiv Sena,Mumbai North West(27),RAVINDRA DATTARAM WAIKAR,452644,48
Maharashtra,Shiv Sena,Maval(33),SHRIRANG APPA CHANDU BARNE,692832,96615
Maharashtra,Shiv Sena,Hatkanangale(48),DHAIRYASHEEL SAMBHAJIRAO MANE,520190,13426
Maharashtra,Nationalist Congress Party,Raigad(32),TATKARE SUNIL DATTATREY,508352,82784
Maharashtra,Independent,Sangli(44),VISHAL (DADA) PRAKASHBAPU PATIL,571666,100053
Manipur,Indian National Congress,Inner Manipur(1),ANGOMCHA BIMOL AKOIJAM,374017,109801
Manipur,Indian National Congress,Outer Manipur(2),ALFRED KANNGAM S ARTHUR,384954,85418
Meghalaya,Voice of the People Party,Shillong(1),DR. RICKY ANDREW J. SYNGKON,571078,371910
Meghalaya,Indian National Congress,Tura(2),SALENG A SANGMA,383919,155241
Mizoram,Zoram People’s Movement,MIZORAM(1),RICHARD VANLALHMANGAIHA,208552,68288
Nagaland,Indian National Congress,Nagaland(1),S SUPONGMEREN JAMIR,401951,50984
NCT OF Delhi,Bharatiya Janata Party,Chandni Chowk(1),PRAVEEN KHANDELWAL,516496,89325
NCT OF Delhi,Bharatiya Janata Party,North-East Delhi(2),MANOJ TIWARI,824451,138778
NCT OF Delhi,Bharatiya Janata Party,East Delhi(3),HARSH MALHOTRA,664819,93663
NCT OF Delhi,Bharatiya Janata Party,New Delhi(4),BANSURI SWARAJ,453185,78370
NCT OF Delhi,Bharatiya Janata Party,North-West Delhi(5),YOGENDER CHANDOLIYA,866483,290849
NCT OF Delhi,Bharatiya Janata Party,West Delhi(6),KAMALJEET SEHRAWAT,842658,199013
NCT OF Delhi,Bharatiya Janata Party,South Delhi(7),RAMVIR SINGH BIDHURI,692832,124333
Odisha,Bharatiya Janata Party,Bargarh(1),PRADEEP PUROHIT,716359,251667
Odisha,Bharatiya Janata Party,Sundargarh(2),JUAL ORAM,494282,138808
Odisha,Bharatiya Janata Party,Sambalpur(3),DHARMENDRA PRADHAN,592162,119836
Odisha,Bharatiya Janata Party,Keonjhar(4),ANANTA NAYAK,573923,97042
Odisha,Bharatiya Janata Party,Mayurbhanj(5),NABA CHARAN MAJHI,585971,219334
Odisha,Bharatiya Janata Party,Balasore(6),PRATAP CHANDRA SARANGI,563865,147156
Odisha,Bharatiya Janata Party,Bhadrak(7),AVIMANYU SETHI,573319,91544
Odisha,Bharatiya Janata Party,Jajpur(8),RABINDRA NARAYAN BEHERA,534239,1587
Odisha,Bharatiya Janata Party,Dhenkanal(9),RUDRA NARAYAN PANY,598721,76567
Odisha,Bharatiya Janata Party,Bolangir(10),SANGEETA KUMARI SINGH DEO,617744,132664
Odisha,Bharatiya Janata Party,Kalahandi(11),MALVIKA DEVI,544303,133813
Odisha,Bharatiya Janata Party,Nabarangpur(12),BALABHADRA MAJHI,481396,87536
Odisha,Bharatiya Janata Party,Kandhamal(13),SUKANTA KUMAR PANIGRAHI,416415,21371
Odisha,Bharatiya Janata Party,Cuttack(14),BHARTRUHARI MAHTAB,531601,57077
Odisha,Bharatiya Janata Party,Kendrapara(15),BAIJAYANT PANDA,615705,66536
Odisha,Bharatiya Janata Party,Jagatsinghpur(16),BIBHU PRASAD TARAI,589093,40696
Odisha,Bharatiya Janata Party,Puri(17),SAMBIT PATRA,629330,104709
Odisha,Bharatiya Janata Party,Bhubaneswar(18),APARAJITA SARANGI,512519,35152
Odisha,Bharatiya Janata Party,Aska(19),ANITA SUBHADARSHINI,494226,99974
Odisha,Bharatiya Janata Party,Berhampur(20),DR. PRADEEP KUMAR PANIGRAHY,513102,165476
Odisha,Indian National Congress,Koraput(21),SAPTAGIRI SANKAR ULAKA,471393,147744
Puducherry,Indian National Congress,PUDUCHERRY(1),VE VAITHILINGAM,426005,136516
Punjab,Indian National Congress,Gurdaspur(1),SUKHJINDER SINGH RANDHAWA,364043,82861
Punjab,Indian National Congress,Amritsar(2),GURJEET SINGH AUJLA,255181,40301
Punjab,Indian National Congress,Jalandhar(4),CHARANJIT SINGH CHANNI,390053,175993
Punjab,Indian National Congress,Ludhiana(7),AMRINDER SINGH RAJA WARRING,322224,20942
Punjab,Indian National Congress,Fatehgarh Sahib(8),AMAR SINGH,332591,34202
Punjab,Indian National Congress,Firozpur(10),SHER SINGH GHUBAYA,266626,3242
Punjab,Indian National Congress,Patiala(13),DR DHARAMVIRA GANDHI,305616,14831
Punjab,Aam Aadmi Party,Hoshiarpur(5),DR. RAJ KUMAR CHABBEWAL,303859,44111
Punjab,Aam Aadmi Party,Anandpur Sahib(6),MALVINDER SINGH KANG,313217,10846
Punjab,Aam Aadmi Party,Sangrur(12),GURMEET SINGH MEET HAYER,364085,172560
Punjab,Shiromani Akali Dal,Bathinda(11),HARSIMRAT KAUR BADAL,376558,49656
Punjab,Shiromani Akali Dal,Bathinda(11),HARSIMRAT KAUR BADAL,376558,49656
Punjab,Independent,Khadoor Sahib(3),AMRITPAL SINGH,404430,197120
Punjab,Independent,Faridkot(9),SARABJEET SINGH KHALSA,298062,70053
Rajasthan,Bharatiya Janata Party,BIKANER (2),ARJUN RAM MEGHWAL,566737,55711
Rajasthan,Bharatiya Janata Party,JAIPUR RURAL(6),RAO RAJENDRA SINGH,617877,1615
Rajasthan,Bharatiya Janata Party,JAIPUR(7),MANJU SHARMA,886850,331767
Rajasthan,Bharatiya Janata Party,ALWAR(8),BHUPENDER YADAV,631992,48282
Rajasthan,Bharatiya Janata Party,AJMER (13),BHAGIRATH CHOUDHARY,747462,329991
Rajasthan,Bharatiya Janata Party,PALI(15),P. P. CHAUDHARY,757389,245351
Rajasthan,Bharatiya Janata Party,JODHPUR(16),GAJENDRA SINGH SHEKHAWAT,730056,115677
Rajasthan,Bharatiya Janata Party,JALORE (18),LUMBARAM,796783,201543
Rajasthan,Bharatiya Janata Party,UDAIPUR (19),MANNA LAL RAWAT,738286,261608
Rajasthan,Bharatiya Janata Party,CHITTORGARH(21),CHANDRA PRAKASH JOSHI,888202,389877
Rajasthan,Bharatiya Janata Party,RAJSAMAND(22),MAHIMA KUMARI MEWAR,781203,392223
Rajasthan,Bharatiya Janata Party,BHILWARA(23),DAMODAR AGARWAL,807640,354606
Rajasthan,Bharatiya Janata Party,KOTA(24),OM BIRLA,750496,41974
Rajasthan,Bharatiya Janata Party,JHALAWAR-BARAN(25),DUSHYANT SINGH,865376,370989
Rajasthan,Indian National Congress,GANGANAGAR (1),KULDEEP INDORA,726492,88153
Rajasthan,Indian National Congress,CHURU(3),RAHUL KASWAN,728211,72737
Rajasthan,Indian National Congress,JHUNJHUNU     (4),BRIJENDRA SINGH OLA,553168,18235
Rajasthan,Indian National Congress,BHARATPUR (9),SANJNA JATAV,579890,51983
Rajasthan,Indian National Congress,KARAULI-DHOLPUR (10),BHAJAN LAL JATAV,530011,98945
Rajasthan,Indian National Congress,DAUSA (11),MURARI LAL MEENA,646266,237340
Rajasthan,Indian National Congress,TONK-SAWAI MADHOPUR (12),HARISH CHANDRA MEENA,623763,64949
Rajasthan,Indian National Congress,BARMER(17),UMMEDA RAM BENIWAL,704676,118176
Rajasthan,Communist Party of India (Marxist),SIKAR(5),AMRARAM,659300,72896
Rajasthan,Rashtriya Loktantrik Party,NAGAUR(14),HANUMAN BENIWAL,596955,42225
Rajasthan,Bharat Adivasi Party,BANSWARA (20),RAJ KUMAR ROAT,820831,247054
Sikkim,Sikkim Krantikari Morcha,Sikkim(1),INDRA HANG SUBBA,164396,80830
Tamil Nadu,Dravida Munnetra Kazhagam,CHENNAI NORTH(2),DR.KALANIDHI VEERASWAMY,497333,339222
Tamil Nadu,Dravida Munnetra Kazhagam,CHENNAI SOUTH(3),T.SUMATHY (ALIAS) THAMIZHACHI THANGAPANDIAN,516628,225945
Tamil Nadu,Dravida Munnetra Kazhagam,CHENNAI CENTRAL(4),DAYANIDHI MARAN,413848,244689
Tamil Nadu,Dravida Munnetra Kazhagam,SRIPERUMBUDUR(5),T R BAALU,758611,487029
Tamil Nadu,Dravida Munnetra Kazhagam,KANCHEEPURAM(6),SELVAM. G,586044,221473
Tamil Nadu,Dravida Munnetra Kazhagam,ARAKKONAM(7),S JAGATHRATCHAKAN,563216,306559
Tamil Nadu,Dravida Munnetra Kazhagam,VELLORE(8),DM KATHIR ANAND,568692,215702
Tamil Nadu,Dravida Munnetra Kazhagam,DHARMAPURI(10),MANI. A.,432667,21300
Tamil Nadu,Dravida Munnetra Kazhagam,TIRUVANNAMALAI(11),"ANNADURAI, C.N.",547379,233931
Tamil Nadu,Dravida Munnetra Kazhagam,ARANI(12),THARANIVENTHAN M S,500099,208766
Tamil Nadu,Dravida Munnetra Kazhagam,KALLAKURICHI(14),MALAIYARASAN D,561589,53784
Tamil Nadu,Dravida Munnetra Kazhagam,SALEM(15),SELVAGANAPATHI T M,566085,70357
Tamil Nadu,Dravida Munnetra Kazhagam,NAMAKKAL(16),MATHESWARAN V S,462036,29112
Tamil Nadu,Dravida Munnetra Kazhagam,ERODE(17),K E PRAKASH,562339,236566
Tamil Nadu,Dravida Munnetra Kazhagam,NILGIRIS(19),RAJA A,473212,240585
Tamil Nadu,Dravida Munnetra Kazhagam,COIMBATORE(20),GANAPATHY RAJKUMAR P,568200,118068
Tamil Nadu,Dravida Munnetra Kazhagam,POLLACHI(21),ESWARASAMY K,533377,252042
Tamil Nadu,Dravida Munnetra Kazhagam,PERAMBALUR(25),ARUN NEHRU,603209,389107
Tamil Nadu,Dravida Munnetra Kazhagam,THANJAVUR(30),MURASOLI S,502245,319583
Tamil Nadu,Dravida Munnetra Kazhagam,THENI(33),THANGA TAMILSELVAN,571493,278825
Tamil Nadu,Dravida Munnetra Kazhagam,THOOTHUKKUDI(36),KANIMOZHI KARUNANIDHI,540729,392738
Tamil Nadu,Dravida Munnetra Kazhagam,TENKASI(37),DR RANI SRI KUMAR,425679,196199
Tamil Nadu,Indian National Congress,TIRUVALLUR(1),Sasikanth Senthil,796956,572155
Tamil Nadu,Indian National Congress,KRISHNAGIRI(9),GOPINATH K,492883,192486
Tamil Nadu,Indian National Congress,KARUR(23),JOTHIMANI. S,534906,166816
Tamil Nadu,Indian National Congress,CUDDALORE(26),M.K. VISHNUPRASAD,455053,185896
Tamil Nadu,Indian National Congress,MAYILADUTHURAI(28),SUDHA R,518459,271183
Tamil Nadu,Indian National Congress,SIVAGANGA(31),KARTI P CHIDAMBARAM,427677,205664
Tamil Nadu,Indian National Congress,VIRUDHUNAGAR(34),MANICKAM TAGORE B,385256,4379
Tamil Nadu,Indian National Congress,TIRUNELVELI(38),ROBERT BRUCE C,502296,165620
Tamil Nadu,Indian National Congress,KANNIYAKUMARI(39),VIJAYAKUMAR (Alias) VIJAY VASANTH,546248,179907
Tamil Nadu,Viduthalai Chiruthaigal Katchi,VILUPPURAM(13),RAVIKUMAR. D,477033,70703
Tamil Nadu,Viduthalai Chiruthaigal Katchi,CHIDAMBARAM(27),THIRUMAAVALAVAN THOL,505084,103554
Tamil Nadu,Communist Party of India,TIRUPPUR(18),"SUBBARAYAN, K.",472739,125928
Tamil Nadu,Communist Party of India,NAGAPATTINAM(29),SELVARAJ V,465044,208957
Tamil Nadu,Communist Party of India (Marxist),DINDIGUL(22),SACHITHANANTHAM R,670149,443821
Tamil Nadu,Communist Party of India (Marxist),MADURAI(32),VENKATESAN S,430323,209409
Tamil Nadu,Marumalarchi Dravida Munnetra Kazhagam,TIRUCHIRAPPALLI(24),DURAI VAIKO,542213,313094
Tamil Nadu, Indian Union Muslim League,RAMANATHAPURAM(35),NAVASKANI K,509664,166782
Telangana,Bharatiya Janata Party,Adilabad (1),GODAM NAGESH,568168,90652
Telangana,Bharatiya Janata Party,Karimnagar (3),BANDI SANJAY KUMAR,585116,225209
Telangana,Bharatiya Janata Party,Nizamabad(4),ARVIND DHARMAPURI,592318,109241
Telangana,Bharatiya Janata Party,Medak(6),MADHAVANENI RAGHUNANDAN RAO,471217,39139
Telangana,Bharatiya Janata Party,Malkajgiri(7),EATALA RAJENDER,991042,391475
Telangana,Bharatiya Janata Party,Secunderabad(8),G. KISHAN REDDY,473012,49944
Telangana,Bharatiya Janata Party,Chevella(10),KONDA VISHWESHWAR REDDY,809882,172897
Telangana,Bharatiya Janata Party,Mahbubnagar(11),ARUNA. D. K,510747,4500
Telangana,Indian National Congress,Peddapalle (2),VAMSI KRISHNA GADDAM,475587,131364
Telangana,Indian National Congress,Zahirabad(5),SURESH KUMAR SHETKAR,528418,46188
Telangana,Indian National Congress,Nagarkurnool(12),DR.MALLU RAVI,465072,94414
Telangana,Indian National Congress,Nalgonda(13),KUNDURU RAGHUVEER,784337,559905
Telangana,Indian National Congress,Bhongir (14),CHAMALA KIRAN KUMAR REDDY,629143,222170
Telangana,Indian National Congress,Warangal(15),KADIYAM KAVYA,581294,220339
Telangana,Indian National Congress,Mahabubabad  (16),BALRAM NAIK PORIKA,612774,349165
Telangana,Indian National Congress,Khammam (17),RAMASAHAYAM RAGHURAM REDDY,766929,467847
Telangana,All India Majlis-E-Ittehadul Muslimeen,Hyderabad(9),ASADUDDIN OWAISI,661981,338087
Tripura, Bharatiya Janata Party,Tripura West(1),BIPLAB KUMAR DEB,881341,611578
Tripura, Bharatiya Janata Party,Tripura East(2),KRITI DEVI DEBBARMAN,777447,486819
Uttar Pradesh,Samajwadi Party,Kairana(2),IQRA CHOUDHARY,528013,69116
Uttar Pradesh,Samajwadi Party,Muzaffarnagar(3),HARENDRA SINGH MALIK,470721,24672
Uttar Pradesh,Samajwadi Party,Moradabad(6),RUCHI VIRA,637363,105762
Uttar Pradesh,Samajwadi Party,Rampur(7),MOHIBBULLAH,481503,87434
Uttar Pradesh,Samajwadi Party,Sambhal(8),ZIA UR REHMAN,571161,121494
Uttar Pradesh,Samajwadi Party,Firozabad(20),AKSHAYA YADAV,543037,89312
Uttar Pradesh,Samajwadi Party,Mainpuri(21),DIMPLE YADAV,598526,221639
Uttar Pradesh,Samajwadi Party,Etah(22),DEVESH SHAKYA,475808,28052
Uttar Pradesh,Samajwadi Party,Badaun(23),ADITYA YADAV,501855,34991
Uttar Pradesh,Samajwadi Party,Aonla(24),NEERAJ MAURYA,492515,15969
Uttar Pradesh,Samajwadi Party,Kheri(28),UTKARSH VERMA 'MADHUR',557365,34329
Uttar Pradesh,Samajwadi Party,Dhaurahra(29),ANAND BHADAURIYA,443743,4449
Uttar Pradesh,Samajwadi Party,Mohanlalganj(34),R.K. CHAUDHARY,667869,70292
Uttar Pradesh,Samajwadi Party,Sultanpur(38),RAMBHUAL NISHAD,444330,43174
Uttar Pradesh,Samajwadi Party,Pratapgarh(39),SHIV PAL SINGH PATEL (DR. S P SINGH),441932,66206
Uttar Pradesh,Samajwadi Party,Etawah(41),JITENDRA KUMAR DOHARE,490747,58419
Uttar Pradesh,Samajwadi Party,Kannauj(42),AKHILESH YADAV,642292,170922
Uttar Pradesh,Samajwadi Party,Jalaun(45),NARAYAN DAS AHIRWAR,530180,53898
Uttar Pradesh,Samajwadi Party,Hamirpur(47),AJENDRA SINGH LODHI,490683,2629
Uttar Pradesh,Samajwadi Party,Banda(48),KRISHNA DEVI SHIVSHANKER PATEL,406567,71210
Uttar Pradesh,Samajwadi Party,Fatehpur(49),NARESH CHANDRA UTTAM PATEL,500328,33199
Uttar Pradesh,Samajwadi Party,Kaushambi(50),PUSHPENDRA SAROJ,509787,103944
Uttar Pradesh,Samajwadi Party,Faizabad(54),AWADHESH PRASAD,554289,54567
Uttar Pradesh,Samajwadi Party,Ambedkar Nagar(55),LALJI VERMA,544959,137247
Uttar Pradesh,Samajwadi Party,Shrawasti(58),RAM SHIROMANI VERMA,511055,76673
Uttar Pradesh,Samajwadi Party,Basti(61),RAM PRASAD CHAUDHARY,527005,100994
Uttar Pradesh,Samajwadi Party,Sant Kabir Nagar(62),LAXMIKANT PAPPU NISHAD,498695,92170
Uttar Pradesh,Samajwadi Party,Lalganj(68),DAROGA PRASAD SAROJ,439959,115023
Uttar Pradesh,Samajwadi Party,Azamgarh(69),DHARMENDRA YADAV,508239,161035
Uttar Pradesh,Samajwadi Party,Ghosi(70),RAJEEV RAI,503131,162943
Uttar Pradesh,Samajwadi Party,Salempur(71),RAMASHANKAR RAJBHAR,405472,3573
Uttar Pradesh,Samajwadi Party,Ballia(72),SANATAN PANDEY,467068,43384
Uttar Pradesh,Samajwadi Party,Jaunpur(73),BABU SINGH KUSHWAHA,509130,99335
Uttar Pradesh,Samajwadi Party,Machhlishahr(74),PRIYA SAROJ,451292,35850
Uttar Pradesh,Samajwadi Party,Ghazipur(75),AFZAL ANSARI,539912,124861
Uttar Pradesh,Samajwadi Party,Chandauli(76),BIRENDRA SINGH,474476,21565
Uttar Pradesh,Samajwadi Party,Robertsganj(80),CHHOTELAL,465848,129234
Uttar Pradesh,Bharatiya Janata Party,Amroha(9),KANWAR SINGH TANWAR,476506,28670
Uttar Pradesh,Bharatiya Janata Party,Meerut(10),ARUN GOVIL,546469,10585
Uttar Pradesh,Bharatiya Janata Party,Ghaziabad(12),ATUL GARG,854170,336965
Uttar Pradesh,Bharatiya Janata Party,Gautam Buddha Nagar(13),DR. MAHESH SHARMA,857829,559472
Uttar Pradesh,Bharatiya Janata Party,Bulandshahr(14),DR BHOLA SINGH,597310,275134
Uttar Pradesh,Bharatiya Janata Party,Aligarh(15),SATISH KUMAR GAUTAM,501834,15647
Uttar Pradesh,Bharatiya Janata Party,Hathras(16),ANOOP PRADHAN BALMIKI,554746,247318
Uttar Pradesh,Bharatiya Janata Party,Mathura(17),HEMAMALINI DHARMENDRA DEOL,510064,293407
Uttar Pradesh,Bharatiya Janata Party,Agra(18),PROF S P SINGH BAGHEL,599397,271294
Uttar Pradesh,Bharatiya Janata Party,Fatehpur Sikri(19),RAJKUMAR CHAHAR,445657,43405
Uttar Pradesh,Bharatiya Janata Party,Bareilly(25),CHHATRA PAL SINGH GANGWAR,567127,34804
Uttar Pradesh,Bharatiya Janata Party,Pilibhit(26),JITIN PRASADA,607158,164935
Uttar Pradesh,Bharatiya Janata Party,Shahjahanpur(27),ARUN KUMAR SAGAR,592718,55379
Uttar Pradesh,Bharatiya Janata Party,Hardoi(31),JAI PRAKASH,486798,27856
Uttar Pradesh,Bharatiya Janata Party,Misrikh(32),ASHOK KUMAR RAWAT,475016,33406
Uttar Pradesh,Bharatiya Janata Party,Unnao(33),SWAMI SACHCHIDANAND HARI SAKSHI,616133,35818
Uttar Pradesh,Bharatiya Janata Party,Lucknow(35),RAJ NATH SINGH,612709,135159
Uttar Pradesh,Bharatiya Janata Party,Farrukhabad(40),MUKESH RAJPUT,487963,2678
Uttar Pradesh,Bharatiya Janata Party,Kanpur(43),RAMESH AWASTHI,443055,20968
Uttar Pradesh,Bharatiya Janata Party,Akbarpur(44),DEVENDRA SINGH ALIAS BHOLE SINGH,517423,44345
Uttar Pradesh,Bharatiya Janata Party,Jhansi(46),ANURAG SHARMA,690316,102614
Uttar Pradesh,Bharatiya Janata Party,Phulpur(51),PRAVEEN PATEL,452600,4332
Uttar Pradesh,Bharatiya Janata Party,Baharaich(56),ANAND KUMAR,518802,64227
Uttar Pradesh,Bharatiya Janata Party,Kaiserganj(57),KARAN BHUSHAN SINGH,571263,148843
Uttar Pradesh,Bharatiya Janata Party,Gonda(59),KIRTIVARDHAN SINGH,474258,46224
Uttar Pradesh,Bharatiya Janata Party,Domariyaganj(60),JAGDAMBIKA PAL,463303,42728
Uttar Pradesh,Bharatiya Janata Party,Maharajganj(63),PANKAJ CHAUDHARY,591310,35451
Uttar Pradesh,Bharatiya Janata Party,Gorakhpur(64),RAVINDRA SHUKLA ALIAS RAVI KISHAN,585834,103526
Uttar Pradesh,Bharatiya Janata Party,Kushi Nagar(65),VIJAY KUMAR DUBAY,516345,81790
Uttar Pradesh,Bharatiya Janata Party,Deoria(66),SHASHANK MANI,504541,34842
Uttar Pradesh,Bharatiya Janata Party,Bansgaon(67),KAMLESH PASWAN,428693,3150
Uttar Pradesh,Bharatiya Janata Party,Varanasi(77),NARENDRA MODI,612970,152513
Uttar Pradesh,Bharatiya Janata Party,Bhadohi(78),DR. VINOD KUMAR BIND,459982,44072
Uttar Pradesh,Indian National Congress,Saharanpur(1),IMRAN MASOOD,547967,64542
Uttar Pradesh,Indian National Congress,Sitapur(30),RAKESH RATHOR,531138,89641
Uttar Pradesh,Indian National Congress,Rae Bareli(36),RAHUL GANDHI,687649,390030
Uttar Pradesh,Indian National Congress,Amethi(37),KISHORI LAL,539228,167196
Uttar Pradesh,Indian National Congress,Allahabad(52),UJJWAL RAMAN SINGH,462145,58795
Uttar Pradesh,Indian National Congress,Barabanki(53),TANUJ PUNIA,719927,215704
Uttar Pradesh,Rashtriya Lok Dal,Bijnor(4),CHANDAN CHAUHAN,404493,37508
Uttar Pradesh,Rashtriya Lok Dal,Baghpat(11),DR RAJKUMAR SANGWAN,488967,159459
Uttar Pradesh,Aazad Samaj Party (Kanshi Ram),Nagina(5),CHANDRASHEKHAR,512552,151473
Uttar Pradesh,Apna Dal (Soneylal),Mirzapur(79),ANUPRIYA PATEL,471631,37810
Uttarakhand,Bharatiya Janata Party,Tehri Garhwal(1),MALA RAJYA LAKSHMI SHAH,462603,272493
Uttarakhand,Bharatiya Janata Party,Garhwal(2),ANIL BALUNI,432159,163503
Uttarakhand,Bharatiya Janata Party,Almora(3),AJAY TAMTA,429167,234097
Uttarakhand,Bharatiya Janata Party,Nainital-Udhamsingh Nagar(4),AJAY BHATT,772671,334548
Uttarakhand,Bharatiya Janata Party,Haridwar(5),TRIVENDRA SINGH RAWAT,653808,164056
West Bengal,All India Trinamool Congress,Coochbehar(1),JAGADISH CHANDRA BARMA BASUNIA,788375,39250
West Bengal,All India Trinamool Congress,Jangipur(9),KHALILUR RAHAMAN,544427,116637
West Bengal,All India Trinamool Congress,Baharampur(10),PATHAN YUSUF,524516,85022
West Bengal,All India Trinamool Congress,Murshidabad(11),ABU TAHER KHAN,682442,164215
West Bengal,All India Trinamool Congress,Krishnanagar(12),MAHUA MOITRA,628789,56705
West Bengal,All India Trinamool Congress,Barrackpur(15),PARTHA BHOWMICK,520231,64438
West Bengal,All India Trinamool Congress,Dum dum(16),SOUGATA RAY,528579,70660
West Bengal,All India Trinamool Congress,Barasat(17),KAKOLI GHOSH DASTIDAR,692010,114189
West Bengal,All India Trinamool Congress,Basirhat(18),SK NURUL ISLAM,803762,333547
West Bengal,All India Trinamool Congress,Joynagar(19),PRATIMA MONDAL,894312,470219
West Bengal,All India Trinamool Congress,Mathurapur(20),BAPI HALDAR,755731,201057
West Bengal,All India Trinamool Congress,Diamond harbour(21),ABHISHEK BANERJEE,1048230,710930
West Bengal,All India Trinamool Congress,Jadavpur(22),SAYANI GHOSH,717899,258201
West Bengal,All India Trinamool Congress,Kolkata Dakshin(23),MALA ROY,615274,187231
West Bengal,All India Trinamool Congress,Kolkata Uttar(24),BANDYOPADHYAY SUDIP,454696,92560
West Bengal,All India Trinamool Congress,Howrah(25),PRASUN BANERJEE,626493,169442
West Bengal,All India Trinamool Congress,Uluberia(26),SAJDA AHMED,724622,218673
West Bengal,All India Trinamool Congress,Srerampur(27),KALYAN BANERJEE,673970,174830
West Bengal,All India Trinamool Congress,Hooghly(28),RACHNA BANERJEE,702744,76853
West Bengal,All India Trinamool Congress,Arambagh(29),BAG MITALI,712587,6399
West Bengal,All India Trinamool Congress,Ghatal(32),ADHIKARI DEEPAK (DEV),837990,182868
West Bengal,All India Trinamool Congress,Jhargram(33),KALIPADA SAREN (KHERWAL),743478,174048
West Bengal,All India Trinamool Congress,Medinipur(34),JUNE MALIAH,702192,27191
West Bengal,All India Trinamool Congress,Bankura(36),ARUP CHAKRABORTY,641813,32778
West Bengal,All India Trinamool Congress,Bardhaman Purba(38),DR. SHARMILA SARKAR,720302,160572
West Bengal,All India Trinamool Congress,Bardhaman-Durgapur(39),AZAD KIRTI JHA,720667,137981
West Bengal,All India Trinamool Congress,Asansol(40),SHATRUGHAN PRASAD SINHA,605645,59564
West Bengal,All India Trinamool Congress,Bolpur(41),ASIT KUMAR MAL,855633,327253
West Bengal,All India Trinamool Congress,Birbhum(42),SATABDI ROY,717961,197650
West Bengal,Bharatiya Janata Party,Alipurduars(2),MANOJ TIGGA,695314,75447
West Bengal,Bharatiya Janata Party,Jalpaiguri(3),DR JAYANTA KUMAR ROY,766568,86693
West Bengal,Bharatiya Janata Party,Darjeeling(4),RAJU BISTA,679331,178525
West Bengal,Bharatiya Janata Party,Raiganj(5),KARTICK CHANDRA PAUL,560897,68197
West Bengal,Bharatiya Janata Party,Balurghat(6),SUKANTA MAJUMDAR,574996,10386
West Bengal,Bharatiya Janata Party,Maldaha Uttar(7),KHAGEN MURMU,527023,77708
West Bengal,Bharatiya Janata Party,Ranaghat(13),JAGANNATH SARKAR,782396,186899
West Bengal,Bharatiya Janata Party,Bangaon(14),SHANTANU THAKUR,719505,73693
West Bengal,Bharatiya Janata Party,Tamluk(30),ABHIJIT GANGOPADHYAY,765584,77733
West Bengal,Bharatiya Janata Party,Kanthi(31),ADHIKARI SOUMENDU,763195,47764
West Bengal,Bharatiya Janata Party,Purulia(35),JYOTIRMAY SINGH MAHATO,578489,17079
West Bengal,Bharatiya Janata Party,Bishnupur(37),KHAN SAUMITRA,680130,5567
West Bengal,Indian National Congress,Maldaha Dakshin(8),ISHA KHAN CHOUDHURY,572395,128368
